source_app,target_app,source_file,line,imported_symbol,classification,evidence
bancos,core,apps\tenant\bancos\models.py,5,SintelTenantBaseModel,ALLOWED,"app de infraestructura (core/api), permitido por AGENTS.md"
bancos,api,apps\tenant\bancos\services\api_mixins.py,1,BaseServiceMixin,ALLOWED,"app de infraestructura (core/api), permitido por AGENTS.md"
bancos,facturas,apps\tenant\bancos\services\crud_service.py,156,FacturaInterAppAPI,PULL,API inter-app documentada explicitamente como [ABIERTO]/Pull: FacturaInterAppAPI (ver FACTURAS_AUDIT.md §2)
bancos,api,apps\tenant\bancos\api\viewsets.py,11,"IsTenantAdminOrReadOnly, IsTenantMember",ALLOWED,"app de infraestructura (core/api), permitido por AGENTS.md"
bancos,api,apps\tenant\bancos\api\viewsets.py,12,SintelDSVMixin,ALLOWED,"app de infraestructura (core/api), permitido por AGENTS.md"
bancos,api,apps\tenant\bancos\api\viewsets.py,13,BaseTenantViewSet,ALLOWED,"app de infraestructura (core/api), permitido por AGENTS.md"
bancos,core,apps\tenant\bancos\api\viewsets.py,14,OrganizationalContextMixin,ALLOWED,"app de infraestructura (core/api), permitido por AGENTS.md"
bancos,facturas,apps\tenant\bancos\api\viewsets.py,324,Factura,CONTROLLED,"import directo de modelo + filtro empresa_id detectado en el mismo archivo (patron Bounded Context, AGENTS.md §18)"
bancos,proveedores,apps\tenant\bancos\api\viewsets.py,398,Proveedor,CONTROLLED,"import directo de modelo + filtro empresa_id detectado en el mismo archivo (patron Bounded Context, AGENTS.md §18)"
bancos,clientes,apps\tenant\bancos\api\viewsets.py,442,Cliente,CONTROLLED,"import directo de modelo + filtro empresa_id detectado en el mismo archivo (patron Bounded Context, AGENTS.md §18)"
bancos,api,apps\tenant\bancos\views.py,14,SintelDSVMixin,ALLOWED,"app de infraestructura (core/api), permitido por AGENTS.md"
clientes,core,apps\tenant\clientes\models.py,4,SintelTenantBaseModel,ALLOWED,"app de infraestructura (core/api), permitido por AGENTS.md"
clientes,api,apps\tenant\clientes\services\api_mixins.py,10,BaseServiceMixin,ALLOWED,"app de infraestructura (core/api), permitido por AGENTS.md"
clientes,facturas,apps\tenant\clientes\services\selectors.py,302,Factura,CONTROLLED,"import directo de modelo + filtro empresa_id detectado en el mismo archivo (patron Bounded Context, AGENTS.md §18)"
clientes,facturas,apps\tenant\clientes\services\selectors.py,338,Factura,CONTROLLED,"import directo de modelo + filtro empresa_id detectado en el mismo archivo (patron Bounded Context, AGENTS.md §18)"
clientes,api,apps\tenant\clientes\api\serializers.py,3,NormalizationMixin,ALLOWED,"app de infraestructura (core/api), permitido por AGENTS.md"
clientes,api,apps\tenant\clientes\api\viewsets.py,16,BaseTenantViewSet,ALLOWED,"app de infraestructura (core/api), permitido por AGENTS.md"
clientes,api,apps\tenant\clientes\api\viewsets.py,17,"IsTenantMember, IsTenantAdminOrReadOnly",ALLOWED,"app de infraestructura (core/api), permitido por AGENTS.md"
clientes,api,apps\tenant\clientes\api\viewsets.py,18,"render_template_safe, resolve_tenant_empresa",ALLOWED,"app de infraestructura (core/api), permitido por AGENTS.md"
clientes,core,apps\tenant\clientes\api\viewsets.py,19,OrganizationalContextMixin,ALLOWED,"app de infraestructura (core/api), permitido por AGENTS.md"
clientes,empresa,apps\tenant\clientes\api\viewsets.py,34,Empresa,CONTROLLED,Empresa es el singleton del tenant (no tiene su propio empresa_id) - resolverlo desde otra app es el patron establecido en las 17 apps (SintelDSVMixin._get_empresa())
clientes,facturas,apps\tenant\clientes\api\viewsets.py,917,Factura,CONTROLLED,"import directo de modelo + filtro empresa_id detectado en el mismo archivo (patron Bounded Context, AGENTS.md §18)"
clientes,api,apps\tenant\clientes\views.py,15,SintelDSVMixin,ALLOWED,"app de infraestructura (core/api), permitido por AGENTS.md"
compras,core,apps\tenant\compras\models.py,7,"SedeAwareModel, SintelTenantBaseModel",ALLOWED,"app de infraestructura (core/api), permitido por AGENTS.md"
compras,empresa,apps\tenant\compras\models.py,8,Empresa,CONTROLLED,Empresa es el singleton del tenant (no tiene su propio empresa_id) - resolverlo desde otra app es el patron establecido en las 17 apps (SintelDSVMixin._get_empresa())
compras,api,apps\tenant\compras\services\api_mixins.py,3,BaseServiceMixin,ALLOWED,"app de infraestructura (core/api), permitido por AGENTS.md"
compras,core,apps\tenant\compras\services\api_mixins.py,87,"OrganizationalScope, OrganizationalScopeError",ALLOWED,"app de infraestructura (core/api), permitido por AGENTS.md"
compras,core,apps\tenant\compras\services\api_mixins.py,156,"OrganizationalScope, OrganizationalScopeError",ALLOWED,"app de infraestructura (core/api), permitido por AGENTS.md"
compras,proveedores,apps\tenant\compras\services\business_service.py,381,CuentasPagarBusinessService,PUSH_CONTROLLED,"llama a CuentasPagarBusinessService de otra app con empresa_id explicito (Service Layer real, no bypass ORM)"
compras,inventario,apps\tenant\compras\services\business_service.py,526,"MovimientoInventario, Producto",CONTROLLED,"import directo de modelo + filtro empresa_id detectado en el mismo archivo (patron Bounded Context, AGENTS.md §18)"
compras,inventario,apps\tenant\compras\services\business_service.py,527,KardexService,PUSH_CONTROLLED,"llama a KardexService de otra app con empresa_id explicito (Service Layer real, no bypass ORM)"
compras,proveedores,apps\tenant\compras\services\business_service.py,200,Proveedor,CONTROLLED,"import directo de modelo + filtro empresa_id detectado en el mismo archivo (patron Bounded Context, AGENTS.md §18)"
compras,empresa,apps\tenant\compras\services\business_service.py,171,Area,CONTROLLED,"import directo de modelo + filtro empresa_id detectado en el mismo archivo (patron Bounded Context, AGENTS.md §18)"
compras,proyectos,apps\tenant\compras\services\business_service.py,213,Proyecto,CONTROLLED,"import directo de modelo + filtro empresa_id detectado en el mismo archivo (patron Bounded Context, AGENTS.md §18)"
compras,gastos,apps\tenant\compras\services\business_service.py,228,DocumentoSoporte,CONTROLLED,"import directo de modelo + filtro empresa_id detectado en el mismo archivo (patron Bounded Context, AGENTS.md §18)"
compras,proveedores,apps\tenant\compras\services\business_service.py,264,Proveedor,CONTROLLED,"import directo de modelo + filtro empresa_id detectado en el mismo archivo (patron Bounded Context, AGENTS.md §18)"
compras,proyectos,apps\tenant\compras\services\business_service.py,278,Proyecto,CONTROLLED,"import directo de modelo + filtro empresa_id detectado en el mismo archivo (patron Bounded Context, AGENTS.md §18)"
compras,gastos,apps\tenant\compras\services\business_service.py,294,DocumentoSoporte,CONTROLLED,"import directo de modelo + filtro empresa_id detectado en el mismo archivo (patron Bounded Context, AGENTS.md §18)"
compras,empresa,apps\tenant\compras\services\business_service.py,316,Area,CONTROLLED,"import directo de modelo + filtro empresa_id detectado en el mismo archivo (patron Bounded Context, AGENTS.md §18)"
compras,empresa,apps\tenant\compras\services\crud_service.py,16,Empresa,CONTROLLED,Empresa es el singleton del tenant (no tiene su propio empresa_id) - resolverlo desde otra app es el patron establecido en las 17 apps (SintelDSVMixin._get_empresa())
compras,core,apps\tenant\compras\services\selectors.py,3,filter_by_scope,ALLOWED,"app de infraestructura (core/api), permitido por AGENTS.md"
compras,empresa,apps\tenant\compras\api\serializers.py,10,Area,CONTROLLED,"import directo de modelo + filtro empresa_id detectado en el mismo archivo (patron Bounded Context, AGENTS.md §18)"
compras,gastos,apps\tenant\compras\api\serializers.py,11,DocumentoSoporte,CONTROLLED,"import directo de modelo + filtro empresa_id detectado en el mismo archivo (patron Bounded Context, AGENTS.md §18)"
compras,proveedores,apps\tenant\compras\api\serializers.py,12,Proveedor,CONTROLLED,"import directo de modelo + filtro empresa_id detectado en el mismo archivo (patron Bounded Context, AGENTS.md §18)"
compras,proyectos,apps\tenant\compras\api\serializers.py,13,Proyecto,CONTROLLED,"import directo de modelo + filtro empresa_id detectado en el mismo archivo (patron Bounded Context, AGENTS.md §18)"
compras,api,apps\tenant\compras\api\viewsets.py,12,BaseTenantViewSet,ALLOWED,"app de infraestructura (core/api), permitido por AGENTS.md"
compras,api,apps\tenant\compras\api\viewsets.py,13,SintelDSVMixin,ALLOWED,"app de infraestructura (core/api), permitido por AGENTS.md"
compras,api,apps\tenant\compras\api\viewsets.py,14,"HasOrganizationalScope, IsTenantAdminOrReadOnly, IsTenantMember",ALLOWED,"app de infraestructura (core/api), permitido por AGENTS.md"
compras,core,apps\tenant\compras\api\viewsets.py,27,OrganizationalContextMixin,ALLOWED,"app de infraestructura (core/api), permitido por AGENTS.md"
compras,api,apps\tenant\compras\views.py,15,SintelDSVMixin,ALLOWED,"app de infraestructura (core/api), permitido por AGENTS.md"
compras,core,apps\tenant\compras\views.py,46,"OrganizationalScope, OrganizationalScopeError",ALLOWED,"app de infraestructura (core/api), permitido por AGENTS.md"
contabilidad,core,apps\tenant\contabilidad\models.py,17,SintelTenantBaseModel,ALLOWED,"app de infraestructura (core/api), permitido por AGENTS.md"
contabilidad,empresa,apps\tenant\contabilidad\models.py,18,Empresa,CONTROLLED,Empresa es el singleton del tenant (no tiene su propio empresa_id) - resolverlo desde otra app es el patron establecido en las 17 apps (SintelDSVMixin._get_empresa())
contabilidad,api,apps\tenant\contabilidad\services\api_mixins.py,8,BaseServiceMixin,ALLOWED,"app de infraestructura (core/api), permitido por AGENTS.md"
contabilidad,empresa,apps\tenant\contabilidad\services\business_service.py,75,Empresa,CONTROLLED,Empresa es el singleton del tenant (no tiene su propio empresa_id) - resolverlo desde otra app es el patron establecido en las 17 apps (SintelDSVMixin._get_empresa())
contabilidad,empresa,apps\tenant\contabilidad\services\business_service.py,695,Empresa,CONTROLLED,Empresa es el singleton del tenant (no tiene su propio empresa_id) - resolverlo desde otra app es el patron establecido en las 17 apps (SintelDSVMixin._get_empresa())
contabilidad,empresa,apps\tenant\contabilidad\services\business_service.py,770,Empresa,CONTROLLED,Empresa es el singleton del tenant (no tiene su propio empresa_id) - resolverlo desde otra app es el patron establecido en las 17 apps (SintelDSVMixin._get_empresa())
contabilidad,empresa,apps\tenant\contabilidad\services\business_service.py,849,Empresa,CONTROLLED,Empresa es el singleton del tenant (no tiene su propio empresa_id) - resolverlo desde otra app es el patron establecido en las 17 apps (SintelDSVMixin._get_empresa())
contabilidad,facturas,apps\tenant\contabilidad\services\selectors.py,403,Factura,CONTROLLED,"import directo de modelo + filtro empresa_id detectado en el mismo archivo (patron Bounded Context, AGENTS.md §18)"
contabilidad,gastos,apps\tenant\contabilidad\services\selectors.py,420,DocumentoSoporte,CONTROLLED,"import directo de modelo + filtro empresa_id detectado en el mismo archivo (patron Bounded Context, AGENTS.md §18)"
contabilidad,empleados,apps\tenant\contabilidad\services\selectors.py,438,Devengo,CONTROLLED,"import directo de modelo + filtro empresa_id detectado en el mismo archivo (patron Bounded Context, AGENTS.md §18)"
contabilidad,inventario,apps\tenant\contabilidad\services\selectors.py,473,get_movimientos_timeline,UNKNOWN,import de apps.tenant.inventario.services.selectors sin patron reconocido - requiere revision manual
contabilidad,facturas,apps\tenant\contabilidad\services\selectors.py,507,Factura,CONTROLLED,"import directo de modelo + filtro empresa_id detectado en el mismo archivo (patron Bounded Context, AGENTS.md §18)"
contabilidad,gastos,apps\tenant\contabilidad\services\selectors.py,514,DocumentoSoporte,CONTROLLED,"import directo de modelo + filtro empresa_id detectado en el mismo archivo (patron Bounded Context, AGENTS.md §18)"
contabilidad,empleados,apps\tenant\contabilidad\services\selectors.py,523,Devengo,CONTROLLED,"import directo de modelo + filtro empresa_id detectado en el mismo archivo (patron Bounded Context, AGENTS.md §18)"
contabilidad,clientes,apps\tenant\contabilidad\services\selectors.py,566,Cliente,CONTROLLED,"import directo de modelo + filtro empresa_id detectado en el mismo archivo (patron Bounded Context, AGENTS.md §18)"
contabilidad,proveedores,apps\tenant\contabilidad\services\selectors.py,569,Proveedor,CONTROLLED,"import directo de modelo + filtro empresa_id detectado en el mismo archivo (patron Bounded Context, AGENTS.md §18)"
contabilidad,api,apps\tenant\contabilidad\api\viewsets.py,28,BaseTenantViewSet,ALLOWED,"app de infraestructura (core/api), permitido por AGENTS.md"
contabilidad,api,apps\tenant\contabilidad\api\viewsets.py,29,"SintelDSVMixin, SintelServiceMixin",ALLOWED,"app de infraestructura (core/api), permitido por AGENTS.md"
contabilidad,api,apps\tenant\contabilidad\api\viewsets.py,30,"IsTenantMember, IsTenantAdminOrReadOnly",ALLOWED,"app de infraestructura (core/api), permitido por AGENTS.md"
contabilidad,core,apps\tenant\contabilidad\api\viewsets.py,31,OrganizationalContextMixin,ALLOWED,"app de infraestructura (core/api), permitido por AGENTS.md"
contabilidad,api,apps\tenant\contabilidad\views.py,15,SintelDSVMixin,ALLOWED,"app de infraestructura (core/api), permitido por AGENTS.md"
core,contabilidad,apps\tenant\core\services\contabilidad.py,27,"AsientoContable, CuentaContable, MovimientoContable",PUSH_CONTROLLED,"core/api orquesta AsientoContable CuentaContable MovimientoContable de 'contabilidad' (patron cross-cutting ya establecido - onboarding/auth) - verificar manualmente que la instancia Empresa/objeto se resuelve server-side, no de input de usuario"
core,empresa,apps\tenant\core\services\empresa.py,28,get_empresa_data,PUSH_CONTROLLED,"core/api orquesta get_empresa_data de 'empresa' (patron cross-cutting ya establecido - onboarding/auth) - verificar manualmente que la instancia Empresa/objeto se resuelve server-side, no de input de usuario"
core,empresa,apps\tenant\core\services\empresa.py,66,get_empresa_data,PUSH_CONTROLLED,"core/api orquesta get_empresa_data de 'empresa' (patron cross-cutting ya establecido - onboarding/auth) - verificar manualmente que la instancia Empresa/objeto se resuelve server-side, no de input de usuario"
core,facturas,apps\tenant\core\services\facturas.py,27,Factura,PUSH_CONTROLLED,"core/api orquesta Factura de 'facturas' (patron cross-cutting ya establecido - onboarding/auth) - verificar manualmente que la instancia Empresa/objeto se resuelve server-side, no de input de usuario"
core,perfil,apps\tenant\core\services\membership.py,67,TenantProfile,PUSH_CONTROLLED,"core/api orquesta TenantProfile de 'perfil' (patron cross-cutting ya establecido - onboarding/auth) - verificar manualmente que la instancia Empresa/objeto se resuelve server-side, no de input de usuario"
core,dashboard,apps\tenant\core\services\orchestration.py,255,"get_dashboard_redirect_url, get_user_role_in_tenant",PUSH_CONTROLLED,"core/api orquesta get_dashboard_redirect_url get_user_role_in_tenant de 'dashboard' (patron cross-cutting ya establecido - onboarding/auth) - verificar manualmente que la instancia Empresa/objeto se resuelve server-side, no de input de usuario"
core,empresa,apps\tenant\core\services\orchestration.py,29,get_empresa_data,PUSH_CONTROLLED,"core/api orquesta get_empresa_data de 'empresa' (patron cross-cutting ya establecido - onboarding/auth) - verificar manualmente que la instancia Empresa/objeto se resuelve server-side, no de input de usuario"
core,facturas,apps\tenant\core\services\orchestration.py,77,Factura,PUSH_CONTROLLED,"core/api orquesta Factura de 'facturas' (patron cross-cutting ya establecido - onboarding/auth) - verificar manualmente que la instancia Empresa/objeto se resuelve server-side, no de input de usuario"
core,contabilidad,apps\tenant\core\services\orchestration.py,149,"AsientoContable, CuentaContable, MovimientoContable",PUSH_CONTROLLED,"core/api orquesta AsientoContable CuentaContable MovimientoContable de 'contabilidad' (patron cross-cutting ya establecido - onboarding/auth) - verificar manualmente que la instancia Empresa/objeto se resuelve server-side, no de input de usuario"
core,perfil,apps\tenant\core\services\orchestration.py,214,TenantProfile,PUSH_CONTROLLED,"core/api orquesta TenantProfile de 'perfil' (patron cross-cutting ya establecido - onboarding/auth) - verificar manualmente que la instancia Empresa/objeto se resuelve server-side, no de input de usuario"
core,facturas,apps\tenant\core\services\organizational_bridges.py,61,CotizacionBridge,PUSH_CONTROLLED,"core/api orquesta CotizacionBridge de 'facturas' (patron cross-cutting ya establecido - onboarding/auth) - verificar manualmente que la instancia Empresa/objeto se resuelve server-side, no de input de usuario"
core,facturas,apps\tenant\core\services\organizational_bridges.py,66,CotizacionBridge,PUSH_CONTROLLED,"core/api orquesta CotizacionBridge de 'facturas' (patron cross-cutting ya establecido - onboarding/auth) - verificar manualmente que la instancia Empresa/objeto se resuelve server-side, no de input de usuario"
core,facturas,apps\tenant\core\services\organizational_bridges.py,76,ClienteBridge,PUSH_CONTROLLED,"core/api orquesta ClienteBridge de 'facturas' (patron cross-cutting ya establecido - onboarding/auth) - verificar manualmente que la instancia Empresa/objeto se resuelve server-side, no de input de usuario"
core,facturas,apps\tenant\core\services\organizational_bridges.py,81,ClienteBridge,PUSH_CONTROLLED,"core/api orquesta ClienteBridge de 'facturas' (patron cross-cutting ya establecido - onboarding/auth) - verificar manualmente que la instancia Empresa/objeto se resuelve server-side, no de input de usuario"
core,facturas,apps\tenant\core\services\organizational_bridges.py,91,ProveedorBridge,PUSH_CONTROLLED,"core/api orquesta ProveedorBridge de 'facturas' (patron cross-cutting ya establecido - onboarding/auth) - verificar manualmente que la instancia Empresa/objeto se resuelve server-side, no de input de usuario"
core,facturas,apps\tenant\core\services\organizational_bridges.py,96,ProveedorBridge,PUSH_CONTROLLED,"core/api orquesta ProveedorBridge de 'facturas' (patron cross-cutting ya establecido - onboarding/auth) - verificar manualmente que la instancia Empresa/objeto se resuelve server-side, no de input de usuario"
core,empresa,apps\tenant\core\services\organizational_context.py,142,Empresa,PUSH_CONTROLLED,"core/api orquesta Empresa de 'empresa' (patron cross-cutting ya establecido - onboarding/auth) - verificar manualmente que la instancia Empresa/objeto se resuelve server-side, no de input de usuario"
core,empresa,apps\tenant\core\services\organizational_scope.py,154,Empresa,PUSH_CONTROLLED,"core/api orquesta Empresa de 'empresa' (patron cross-cutting ya establecido - onboarding/auth) - verificar manualmente que la instancia Empresa/objeto se resuelve server-side, no de input de usuario"
core,empresa,apps\tenant\core\services\organizational_service_layer.py,41,"Empresa, Sede",PUSH_CONTROLLED,"core/api orquesta Empresa Sede de 'empresa' (patron cross-cutting ya establecido - onboarding/auth) - verificar manualmente que la instancia Empresa/objeto se resuelve server-side, no de input de usuario"
core,perfil,apps\tenant\core\services\organizational_service_layer.py,55,TenantProfile,PUSH_CONTROLLED,"core/api orquesta TenantProfile de 'perfil' (patron cross-cutting ya establecido - onboarding/auth) - verificar manualmente que la instancia Empresa/objeto se resuelve server-side, no de input de usuario"
core,compras,apps\tenant\core\services\organizational_service_layer.py,67,OrdenCompraBusinessService,PUSH_CONTROLLED,"core/api orquesta OrdenCompraBusinessService de 'compras' (patron cross-cutting ya establecido - onboarding/auth) - verificar manualmente que la instancia Empresa/objeto se resuelve server-side, no de input de usuario"
core,perfil,apps\tenant\core\services\perfil.py,23,TenantProfile,PUSH_CONTROLLED,"core/api orquesta TenantProfile de 'perfil' (patron cross-cutting ya establecido - onboarding/auth) - verificar manualmente que la instancia Empresa/objeto se resuelve server-side, no de input de usuario"
core,empresa,apps\tenant\core\services\sede_context.py,20,Sede,PUSH_CONTROLLED,"core/api orquesta Sede de 'empresa' (patron cross-cutting ya establecido - onboarding/auth) - verificar manualmente que la instancia Empresa/objeto se resuelve server-side, no de input de usuario"
core,empresa,apps\tenant\core\services\selectors.py,7,Empresa,PUSH_CONTROLLED,"core/api orquesta Empresa de 'empresa' (patron cross-cutting ya establecido - onboarding/auth) - verificar manualmente que la instancia Empresa/objeto se resuelve server-side, no de input de usuario"
core,api,apps\tenant\core\api\contexto.py,28,IsTenantMember,ALLOWED,"app de infraestructura (core/api), permitido por AGENTS.md"
core,empresa,apps\tenant\core\api\contexto.py,91,Sede,PUSH_CONTROLLED,"core/api orquesta Sede de 'empresa' (patron cross-cutting ya establecido - onboarding/auth) - verificar manualmente que la instancia Empresa/objeto se resuelve server-side, no de input de usuario"
core,empresa,apps\tenant\core\api\handlers.py,66,Empresa,PUSH_CONTROLLED,"core/api orquesta Empresa de 'empresa' (patron cross-cutting ya establecido - onboarding/auth) - verificar manualmente que la instancia Empresa/objeto se resuelve server-side, no de input de usuario"
core,empresa,apps\tenant\core\api\handlers.py,140,Empresa,PUSH_CONTROLLED,"core/api orquesta Empresa de 'empresa' (patron cross-cutting ya establecido - onboarding/auth) - verificar manualmente que la instancia Empresa/objeto se resuelve server-side, no de input de usuario"
core,dashboard,apps\tenant\core\api\viewsets.py,63,IsUserOrHigher,PUSH_CONTROLLED,"core/api orquesta IsUserOrHigher de 'dashboard' (patron cross-cutting ya establecido - onboarding/auth) - verificar manualmente que la instancia Empresa/objeto se resuelve server-side, no de input de usuario"
core,dashboard,apps\tenant\core\api\viewsets.py,330,get_user_role_in_tenant,PUSH_CONTROLLED,"core/api orquesta get_user_role_in_tenant de 'dashboard' (patron cross-cutting ya establecido - onboarding/auth) - verificar manualmente que la instancia Empresa/objeto se resuelve server-side, no de input de usuario"
core,empresa,apps\tenant\core\api\viewsets.py,533,Empresa,PUSH_CONTROLLED,"core/api orquesta Empresa de 'empresa' (patron cross-cutting ya establecido - onboarding/auth) - verificar manualmente que la instancia Empresa/objeto se resuelve server-side, no de input de usuario"
core,perfil,apps\tenant\core\api\viewsets.py,534,PerfilBusinessService,PUSH_CONTROLLED,"core/api orquesta PerfilBusinessService de 'perfil' (patron cross-cutting ya establecido - onboarding/auth) - verificar manualmente que la instancia Empresa/objeto se resuelve server-side, no de input de usuario"
cotizaciones,core,apps\tenant\cotizaciones\models.py,10,SintelTenantBaseModel,ALLOWED,"app de infraestructura (core/api), permitido por AGENTS.md"
cotizaciones,empresa,apps\tenant\cotizaciones\models.py,11,Empresa,CONTROLLED,Empresa es el singleton del tenant (no tiene su propio empresa_id) - resolverlo desde otra app es el patron establecido en las 17 apps (SintelDSVMixin._get_empresa())
cotizaciones,api,apps\tenant\cotizaciones\services\api_mixins.py,8,BaseServiceMixin,ALLOWED,"app de infraestructura (core/api), permitido por AGENTS.md"
cotizaciones,core,apps\tenant\cotizaciones\services\api_mixins.py,33,"OrganizationalScope, OrganizationalScopeError",ALLOWED,"app de infraestructura (core/api), permitido por AGENTS.md"
cotizaciones,core,apps\tenant\cotizaciones\services\api_mixins.py,51,"OrganizationalScope, OrganizationalScopeError",ALLOWED,"app de infraestructura (core/api), permitido por AGENTS.md"
cotizaciones,clientes,apps\tenant\cotizaciones\services\business_service.py,10,Cliente,CONTROLLED,"import directo de modelo + filtro empresa_id detectado en el mismo archivo (patron Bounded Context, AGENTS.md §18)"
cotizaciones,api,apps\tenant\cotizaciones\services\producto_service.py,8,resolve_tenant_empresa,ALLOWED,"app de infraestructura (core/api), permitido por AGENTS.md"
cotizaciones,clientes,apps\tenant\cotizaciones\services\selectors.py,6,Cliente,CONTROLLED,"import directo de modelo + filtro empresa_id detectado en el mismo archivo (patron Bounded Context, AGENTS.md §18)"
cotizaciones,api,apps\tenant\cotizaciones\api\serializers.py,8,resolve_tenant_empresa,ALLOWED,"app de infraestructura (core/api), permitido por AGENTS.md"
cotizaciones,clientes,apps\tenant\cotizaciones\api\serializers.py,9,Cliente,CONTROLLED,"import directo de modelo + filtro empresa_id detectado en el mismo archivo (patron Bounded Context, AGENTS.md §18)"
cotizaciones,empresa,apps\tenant\cotizaciones\api\serializers.py,10,Sede,CONTROLLED,"import directo de modelo + filtro empresa_id detectado en el mismo archivo (patron Bounded Context, AGENTS.md §18)"
cotizaciones,core,apps\tenant\cotizaciones\api\serializers.py,153,sede_esta_en_alcance,ALLOWED,"app de infraestructura (core/api), permitido por AGENTS.md"
cotizaciones,api,apps\tenant\cotizaciones\api\viewsets.py,13,BaseTenantViewSet,ALLOWED,"app de infraestructura (core/api), permitido por AGENTS.md"
cotizaciones,api,apps\tenant\cotizaciones\api\viewsets.py,14,"IsTenantAdminOrReadOnly, IsTenantMember",ALLOWED,"app de infraestructura (core/api), permitido por AGENTS.md"
cotizaciones,api,apps\tenant\cotizaciones\api\viewsets.py,15,SintelDSVMixin,ALLOWED,"app de infraestructura (core/api), permitido por AGENTS.md"
cotizaciones,api,apps\tenant\cotizaciones\api\viewsets.py,16,resolve_tenant_empresa,ALLOWED,"app de infraestructura (core/api), permitido por AGENTS.md"
cotizaciones,core,apps\tenant\cotizaciones\api\viewsets.py,17,OrganizationalContextMixin,ALLOWED,"app de infraestructura (core/api), permitido por AGENTS.md"
cotizaciones,api,apps\tenant\cotizaciones\ui_views.py,9,resolve_tenant_empresa,ALLOWED,"app de infraestructura (core/api), permitido por AGENTS.md"
cotizaciones,core,apps\tenant\cotizaciones\ui_views.py,10,"OrganizationalScope, OrganizationalScopeError",ALLOWED,"app de infraestructura (core/api), permitido por AGENTS.md"
dashboard,core,apps\tenant\dashboard\models.py,7,SintelTenantBaseModel,ALLOWED,"app de infraestructura (core/api), permitido por AGENTS.md"
dashboard,empresa,apps\tenant\dashboard\services\business_service.py,68,EmpresaSelector,CONTROLLED,"importa un Selector de otra app (EmpresaSelector) - mismo patron Bounded Context que import directo de modelo, pero ya encapsula .only()/empresa_id internamente"
dashboard,empresa,apps\tenant\dashboard\services\selectors.py,5,Empresa,CONTROLLED,Empresa es el singleton del tenant (no tiene su propio empresa_id) - resolverlo desde otra app es el patron establecido en las 17 apps (SintelDSVMixin._get_empresa())
dashboard,core,apps\tenant\dashboard\services\selectors.py,17,get_user_role,ALLOWED,"app de infraestructura (core/api), permitido por AGENTS.md"
dashboard,clientes,apps\tenant\dashboard\services\extractores\clientes_ext.py,15,ClienteSelector,CONTROLLED,"importa un Selector de otra app (ClienteSelector) - mismo patron Bounded Context que import directo de modelo, pero ya encapsula .only()/empresa_id internamente"
dashboard,empleados,apps\tenant\dashboard\services\extractores\empleados_ext.py,17,"NominaSummarySelector, EmpleadoSelector",CONTROLLED,"importa un Selector de otra app (NominaSummarySelector EmpleadoSelector) - mismo patron Bounded Context que import directo de modelo, pero ya encapsula .only()/empresa_id internamente"
dashboard,facturas,apps\tenant\dashboard\services\extractores\facturas_ext.py,20,FacturaSelectors,UNKNOWN,import de apps.tenant.facturas.services.selectors sin patron reconocido - requiere revision manual
dashboard,gastos,apps\tenant\dashboard\services\extractores\gastos_ext.py,17,DocumentoSelector,CONTROLLED,"importa un Selector de otra app (DocumentoSelector) - mismo patron Bounded Context que import directo de modelo, pero ya encapsula .only()/empresa_id internamente"
dashboard,inventario,apps\tenant\dashboard\services\extractores\inventario_ext.py,21,"ProductoSelector, ActivoFijoSelector, ServicioSelector, MovimientoInventarioSelector",CONTROLLED,"importa un Selector de otra app (ProductoSelector ActivoFijoSelector ServicioSelector MovimientoInventarioSelector) - mismo patron Bounded Context que import directo de modelo, pero ya encapsula .only()/empresa_id internamente"
dashboard,proveedores,apps\tenant\dashboard\services\extractores\proveedores_ext.py,14,"ProveedorSelector, CuentasPagarSelector",CONTROLLED,"importa un Selector de otra app (ProveedorSelector CuentasPagarSelector) - mismo patron Bounded Context que import directo de modelo, pero ya encapsula .only()/empresa_id internamente"
dashboard,proyectos,apps\tenant\dashboard\services\extractores\proyectos_ext.py,16,qs_list,UNKNOWN,import de apps.tenant.proyectos.services.selectors sin patron reconocido - requiere revision manual
dashboard,empresa,apps\tenant\dashboard\services\extractores\sedes_ext.py,47,SedeSelector,CONTROLLED,"importa un Selector de otra app (SedeSelector) - mismo patron Bounded Context que import directo de modelo, pero ya encapsula .only()/empresa_id internamente"
dashboard,facturas,apps\tenant\dashboard\services\extractores\sedes_ext.py,48,FacturaSelectors,UNKNOWN,import de apps.tenant.facturas.services.selectors sin patron reconocido - requiere revision manual
dashboard,gastos,apps\tenant\dashboard\services\extractores\sedes_ext.py,49,DocumentoSelector,CONTROLLED,"importa un Selector de otra app (DocumentoSelector) - mismo patron Bounded Context que import directo de modelo, pero ya encapsula .only()/empresa_id internamente"
dashboard,inventario,apps\tenant\dashboard\services\extractores\sedes_ext.py,50,MovimientoInventarioSelector,CONTROLLED,"importa un Selector de otra app (MovimientoInventarioSelector) - mismo patron Bounded Context que import directo de modelo, pero ya encapsula .only()/empresa_id internamente"
dashboard,proyectos,apps\tenant\dashboard\services\extractores\sedes_ext.py,51,qs_list,UNKNOWN,import de apps.tenant.proyectos.services.selectors sin patron reconocido - requiere revision manual
dashboard,api,apps\tenant\dashboard\api\views.py,16,IsTenantMember,ALLOWED,"app de infraestructura (core/api), permitido por AGENTS.md"
dashboard,core,apps\tenant\dashboard\api\views.py,187,get_tenant_branding,ALLOWED,"app de infraestructura (core/api), permitido por AGENTS.md"
dashboard,api,apps\tenant\dashboard\api\viewsets.py,12,BaseTenantViewSet,ALLOWED,"app de infraestructura (core/api), permitido por AGENTS.md"
dashboard,api,apps\tenant\dashboard\api\viewsets.py,13,SintelDSVMixin,ALLOWED,"app de infraestructura (core/api), permitido por AGENTS.md"
dashboard,api,apps\tenant\dashboard\api\viewsets.py,14,"IsTenantMember, IsTenantAdmin",ALLOWED,"app de infraestructura (core/api), permitido por AGENTS.md"
dashboard,core,apps\tenant\dashboard\api\viewsets.py,15,OrganizationalContextMixin,ALLOWED,"app de infraestructura (core/api), permitido por AGENTS.md"
dashboard,empresa,apps\tenant\dashboard\api\viewsets.py,44,Empresa,CONTROLLED,Empresa es el singleton del tenant (no tiene su propio empresa_id) - resolverlo desde otra app es el patron establecido en las 17 apps (SintelDSVMixin._get_empresa())
empleados,core,apps\tenant\empleados\models.py,29,SintelTenantBaseModel,ALLOWED,"app de infraestructura (core/api), permitido por AGENTS.md"
empleados,empresa,apps\tenant\empleados\models.py,30,Empresa,CONTROLLED,Empresa es el singleton del tenant (no tiene su propio empresa_id) - resolverlo desde otra app es el patron establecido en las 17 apps (SintelDSVMixin._get_empresa())
empleados,api,apps\tenant\empleados\services\api_mixins.py,8,BaseServiceMixin,ALLOWED,"app de infraestructura (core/api), permitido por AGENTS.md"
empleados,core,apps\tenant\empleados\services\api_mixins.py,41,"OrganizationalScope, OrganizationalScopeError",ALLOWED,"app de infraestructura (core/api), permitido por AGENTS.md"
empleados,core,apps\tenant\empleados\services\api_mixins.py,63,"OrganizationalScope, OrganizationalScopeError",ALLOWED,"app de infraestructura (core/api), permitido por AGENTS.md"
empleados,api,apps\tenant\empleados\api\serializers.py,16,NormalizationMixin,ALLOWED,"app de infraestructura (core/api), permitido por AGENTS.md"
empleados,empresa,apps\tenant\empleados\api\serializers.py,68,"Area, Empresa, Sede",CONTROLLED,Empresa es el singleton del tenant (no tiene su propio empresa_id) - resolverlo desde otra app es el patron establecido en las 17 apps (SintelDSVMixin._get_empresa())
empleados,core,apps\tenant\empleados\api\serializers.py,673,"area_esta_en_alcance, sede_esta_en_alcance",ALLOWED,"app de infraestructura (core/api), permitido por AGENTS.md"
empleados,api,apps\tenant\empleados\api\viewsets.py,22,BaseTenantViewSet,ALLOWED,"app de infraestructura (core/api), permitido por AGENTS.md"
empleados,api,apps\tenant\empleados\api\viewsets.py,23,SintelDSVMixin,ALLOWED,"app de infraestructura (core/api), permitido por AGENTS.md"
empleados,api,apps\tenant\empleados\api\viewsets.py,24,"HasTenantRole, IsTenantAdminOrReadOnly, IsTenantMember",ALLOWED,"app de infraestructura (core/api), permitido por AGENTS.md"
empleados,api,apps\tenant\empleados\api\viewsets.py,25,resolve_tenant_empresa,ALLOWED,"app de infraestructura (core/api), permitido por AGENTS.md"
empleados,empresa,apps\tenant\empleados\api\viewsets.py,349,"SedeSelector, AreaSelector",CONTROLLED,"importa un Selector de otra app (SedeSelector AreaSelector) - mismo patron Bounded Context que import directo de modelo, pero ya encapsula .only()/empresa_id internamente"
empleados,api,apps\tenant\empleados\views.py,15,SintelDSVMixin,ALLOWED,"app de infraestructura (core/api), permitido por AGENTS.md"
empleados,core,apps\tenant\empleados\views.py,60,"OrganizationalScope, OrganizationalScopeError",ALLOWED,"app de infraestructura (core/api), permitido por AGENTS.md"
empresa,core,apps\tenant\empresa\models.py,14,SintelTenantBaseModel,ALLOWED,"app de infraestructura (core/api), permitido por AGENTS.md"
empresa,perfil,apps\tenant\empresa\services\business_service.py,4,TenantProfile,CONTROLLED,"import directo de modelo + filtro empresa_id detectado en el mismo archivo (patron Bounded Context, AGENTS.md §18)"
empresa,api,apps\tenant\empresa\api\serializers.py,19,NormalizationMixin,ALLOWED,"app de infraestructura (core/api), permitido por AGENTS.md"
empresa,api,apps\tenant\empresa\api\viewsets.py,36,BaseTenantViewSet,ALLOWED,"app de infraestructura (core/api), permitido por AGENTS.md"
empresa,api,apps\tenant\empresa\api\viewsets.py,37,"IsTenantAdmin, IsTenantAdminOrReadOnly, IsTenantMember",ALLOWED,"app de infraestructura (core/api), permitido por AGENTS.md"
empresa,api,apps\tenant\empresa\api\viewsets.py,38,resolve_tenant_empresa,ALLOWED,"app de infraestructura (core/api), permitido por AGENTS.md"
empresa,core,apps\tenant\empresa\api\viewsets.py,39,OrganizationalContextMixin,ALLOWED,"app de infraestructura (core/api), permitido por AGENTS.md"
empresa,api,apps\tenant\empresa\views.py,16,SintelDSVMixin,ALLOWED,"app de infraestructura (core/api), permitido por AGENTS.md"
facturas,core,apps\tenant\facturas\models.py,17,SintelTenantBaseModel,ALLOWED,"app de infraestructura (core/api), permitido por AGENTS.md"
facturas,contabilidad,apps\tenant\facturas\models.py,284,RetencionesService,PULL,"RetencionesService es el punto de lectura sancionado del Pull Model de retenciones (ADR-001, arquitectura_general.md §6.7)"
facturas,contabilidad,apps\tenant\facturas\models.py,301,RetencionesService,PULL,"RetencionesService es el punto de lectura sancionado del Pull Model de retenciones (ADR-001, arquitectura_general.md §6.7)"
facturas,contabilidad,apps\tenant\facturas\models.py,318,RetencionesService,PULL,"RetencionesService es el punto de lectura sancionado del Pull Model de retenciones (ADR-001, arquitectura_general.md §6.7)"
facturas,empresa,apps\tenant\facturas\models.py,363,Empresa,CONTROLLED,Empresa es el singleton del tenant (no tiene su propio empresa_id) - resolverlo desde otra app es el patron establecido en las 17 apps (SintelDSVMixin._get_empresa())
facturas,contabilidad,apps\tenant\facturas\models.py,490,RetencionesService,PULL,"RetencionesService es el punto de lectura sancionado del Pull Model de retenciones (ADR-001, arquitectura_general.md §6.7)"
facturas,contabilidad,apps\tenant\facturas\models.py,507,RetencionesService,PULL,"RetencionesService es el punto de lectura sancionado del Pull Model de retenciones (ADR-001, arquitectura_general.md §6.7)"
facturas,contabilidad,apps\tenant\facturas\models.py,524,RetencionesService,PULL,"RetencionesService es el punto de lectura sancionado del Pull Model de retenciones (ADR-001, arquitectura_general.md §6.7)"
facturas,empresa,apps\tenant\facturas\services\business_service.py,24,Empresa,CONTROLLED,Empresa es el singleton del tenant (no tiene su propio empresa_id) - resolverlo desde otra app es el patron establecido en las 17 apps (SintelDSVMixin._get_empresa())
facturas,empresa,apps\tenant\facturas\services\business_service.py,36,"EmpresaNotConfiguredError, get_empresa_emisor_data",UNKNOWN,import de apps.tenant.empresa.services sin patron reconocido - requiere revision manual
facturas,contabilidad,apps\tenant\facturas\services\business_service.py,741,RetencionesService,PULL,"RetencionesService es el punto de lectura sancionado del Pull Model de retenciones (ADR-001, arquitectura_general.md §6.7)"
facturas,inventario,apps\tenant\facturas\services\business_service.py,894,"MovimientoInventario, Producto",CONTROLLED,"import directo de modelo + filtro empresa_id detectado en el mismo archivo (patron Bounded Context, AGENTS.md §18)"
facturas,inventario,apps\tenant\facturas\services\business_service.py,895,KardexService,PUSH_CONTROLLED,"llama a KardexService de otra app con empresa_id explicito (Service Layer real, no bypass ORM)"
facturas,empresa,apps\tenant\facturas\services\business_service.py,153,Sede,CONTROLLED,"import directo de modelo + filtro empresa_id detectado en el mismo archivo (patron Bounded Context, AGENTS.md §18)"
facturas,contabilidad,apps\tenant\facturas\services\business_service.py,278,RetencionesService,PULL,"RetencionesService es el punto de lectura sancionado del Pull Model de retenciones (ADR-001, arquitectura_general.md §6.7)"
facturas,contabilidad,apps\tenant\facturas\services\business_service.py,326,RetencionesService,PULL,"RetencionesService es el punto de lectura sancionado del Pull Model de retenciones (ADR-001, arquitectura_general.md §6.7)"
facturas,clientes,apps\tenant\facturas\services\business_service.py,622,ClienteBusinessService,PUSH_CONTROLLED,"llama a ClienteBusinessService de otra app con empresa_id explicito (Service Layer real, no bypass ORM)"
facturas,proveedores,apps\tenant\facturas\services\business_service.py,636,ProveedorBusinessService,PUSH_CONTROLLED,"llama a ProveedorBusinessService de otra app con empresa_id explicito (Service Layer real, no bypass ORM)"
facturas,clientes,apps\tenant\facturas\services\business_service.py,499,ClienteBusinessService,PUSH_CONTROLLED,"llama a ClienteBusinessService de otra app con empresa_id explicito (Service Layer real, no bypass ORM)"
facturas,proveedores,apps\tenant\facturas\services\business_service.py,514,ProveedorBusinessService,PUSH_CONTROLLED,"llama a ProveedorBusinessService de otra app con empresa_id explicito (Service Layer real, no bypass ORM)"
facturas,inventario,apps\tenant\facturas\services\business_service.py,800,Producto,CONTROLLED,"import directo de modelo + filtro empresa_id detectado en el mismo archivo (patron Bounded Context, AGENTS.md §18)"
facturas,empresa,apps\tenant\facturas\services\business_service.py,1076,Sede,CONTROLLED,"import directo de modelo + filtro empresa_id detectado en el mismo archivo (patron Bounded Context, AGENTS.md §18)"
facturas,empresa,apps\tenant\facturas\services\crud_service.py,20,Empresa,CONTROLLED,Empresa es el singleton del tenant (no tiene su propio empresa_id) - resolverlo desde otra app es el patron establecido en las 17 apps (SintelDSVMixin._get_empresa())
facturas,core,apps\tenant\facturas\services\electronic_invoice_service.py,31,"ElectronicDocument, ElectronicDocumentTransportPort, NullTransportAdapter, TransmissionResult",ALLOWED,"app de infraestructura (core/api), permitido por AGENTS.md"
facturas,core,apps\tenant\facturas\services\electronic_invoice_service.py,37,AttachedDocumentService,ALLOWED,"app de infraestructura (core/api), permitido por AGENTS.md"
facturas,inventario,apps\tenant\facturas\services\selectors.py,466,"Producto, Servicio",CONTROLLED,"import directo de modelo + filtro empresa_id detectado en el mismo archivo (patron Bounded Context, AGENTS.md §18)"
facturas,inventario,apps\tenant\facturas\services\selectors.py,511,"Producto, Servicio",CONTROLLED,"import directo de modelo + filtro empresa_id detectado en el mismo archivo (patron Bounded Context, AGENTS.md §18)"
facturas,bancos,apps\tenant\facturas\services\selectors.py,566,TransaccionBancaria,CONTROLLED,"import directo de modelo + filtro empresa_id detectado en el mismo archivo (patron Bounded Context, AGENTS.md §18)"
facturas,cotizaciones,apps\tenant\facturas\services\selectors.py,311,CotizacionSelector,CONTROLLED,"importa un Selector de otra app (CotizacionSelector) - mismo patron Bounded Context que import directo de modelo, pero ya encapsula .only()/empresa_id internamente"
facturas,clientes,apps\tenant\facturas\services\selectors.py,366,Cliente,CONTROLLED,"import directo de modelo + filtro empresa_id detectado en el mismo archivo (patron Bounded Context, AGENTS.md §18)"
facturas,proveedores,apps\tenant\facturas\services\selectors.py,413,Proveedor,CONTROLLED,"import directo de modelo + filtro empresa_id detectado en el mismo archivo (patron Bounded Context, AGENTS.md §18)"
facturas,cotizaciones,apps\tenant\facturas\services\selectors.py,321,Cotizacion,CONTROLLED,"import directo de modelo + filtro empresa_id detectado en el mismo archivo (patron Bounded Context, AGENTS.md §18)"
facturas,empresa,apps\tenant\facturas\services\services_mail_ingestion.py,171,get_mailbox_config,UNKNOWN,import de apps.tenant.empresa.services sin patron reconocido - requiere revision manual
facturas,empresa,apps\tenant\facturas\services\services_mail_ingestion.py,208,MailInboxConfig,UNKNOWN,import directo de modelo sin evidencia de filtro empresa_id cercano - requiere revision manual
facturas,core,apps\tenant\facturas\services\dian\__init__.py,17,"XadesSignerService, AttachedDocumentService",ALLOWED,"app de infraestructura (core/api), permitido por AGENTS.md"
facturas,api,apps\tenant\facturas\api\permissions.py,9,IsTenantAdminOrReadOnly,ALLOWED,"app de infraestructura (core/api), permitido por AGENTS.md"
facturas,empresa,apps\tenant\facturas\api\serializers.py,11,Sede,CONTROLLED,"import directo de modelo + filtro empresa_id detectado en el mismo archivo (patron Bounded Context, AGENTS.md §18)"
facturas,core,apps\tenant\facturas\api\serializers.py,324,sede_esta_en_alcance,ALLOWED,"app de infraestructura (core/api), permitido por AGENTS.md"
facturas,api,apps\tenant\facturas\api\viewsets.py,32,"IsTenantMember, IsTenantAdminOrReadOnly",ALLOWED,"app de infraestructura (core/api), permitido por AGENTS.md"
facturas,core,apps\tenant\facturas\api\viewsets.py,33,OrganizationalContextMixin,ALLOWED,"app de infraestructura (core/api), permitido por AGENTS.md"
facturas,empresa,apps\tenant\facturas\api\viewsets.py,34,Empresa,CONTROLLED,Empresa es el singleton del tenant (no tiene su propio empresa_id) - resolverlo desde otra app es el patron establecido en las 17 apps (SintelDSVMixin._get_empresa())
facturas,api,apps\tenant\facturas\api\viewsets.py,69,BaseTenantViewSet,ALLOWED,"app de infraestructura (core/api), permitido por AGENTS.md"
facturas,core,apps\tenant\facturas\api\viewsets.py,226,"OrganizationalScope, OrganizationalScopeError",ALLOWED,"app de infraestructura (core/api), permitido por AGENTS.md"
facturas,contabilidad,apps\tenant\facturas\api\viewsets.py,292,RetencionesService,PULL,"RetencionesService es el punto de lectura sancionado del Pull Model de retenciones (ADR-001, arquitectura_general.md §6.7)"
facturas,core,apps\tenant\facturas\api\viewsets.py,368,"OrganizationalScope, OrganizationalScopeError",ALLOWED,"app de infraestructura (core/api), permitido por AGENTS.md"
facturas,core,apps\tenant\facturas\api\viewsets.py,714,MockTransportAdapter,ALLOWED,"app de infraestructura (core/api), permitido por AGENTS.md"
facturas,api,apps\tenant\facturas\api\views_mail_ingestion.py,17,RelaxedJWTAuthentication,ALLOWED,"app de infraestructura (core/api), permitido por AGENTS.md"
facturas,api,apps\tenant\facturas\api\views_mail_ingestion.py,18,"IsTenantMember, IsTenantAdminOrReadOnly",ALLOWED,"app de infraestructura (core/api), permitido por AGENTS.md"
facturas,empresa,apps\tenant\facturas\api\views_mail_ingestion.py,20,MailInboxConfig,CONTROLLED,"import directo de modelo + filtro empresa_id detectado en el mismo archivo (patron Bounded Context, AGENTS.md §18)"
facturas,perfil,apps\tenant\facturas\api\views_mail_ingestion.py,48,get_or_create_profile,UNKNOWN,import de apps.tenant.perfil.services.perfil_service sin patron reconocido - requiere revision manual
facturas,perfil,apps\tenant\facturas\api\views_mail_ingestion.py,104,get_or_create_profile,UNKNOWN,import de apps.tenant.perfil.services.perfil_service sin patron reconocido - requiere revision manual
facturas,perfil,apps\tenant\facturas\api\views_mail_ingestion.py,134,get_or_create_profile,UNKNOWN,import de apps.tenant.perfil.services.perfil_service sin patron reconocido - requiere revision manual
facturas,perfil,apps\tenant\facturas\api\views_mail_ingestion.py,199,get_or_create_profile,UNKNOWN,import de apps.tenant.perfil.services.perfil_service sin patron reconocido - requiere revision manual
facturas,api,apps\tenant\facturas\views.py,17,SintelDSVMixin,ALLOWED,"app de infraestructura (core/api), permitido por AGENTS.md"
facturas,core,apps\tenant\facturas\views.py,60,"OrganizationalScope, OrganizationalScopeError",ALLOWED,"app de infraestructura (core/api), permitido por AGENTS.md"
gastos,core,apps\tenant\gastos\models.py,20,SintelTenantBaseModel,ALLOWED,"app de infraestructura (core/api), permitido por AGENTS.md"
gastos,empresa,apps\tenant\gastos\models.py,21,Empresa,CONTROLLED,Empresa es el singleton del tenant (no tiene su propio empresa_id) - resolverlo desde otra app es el patron establecido en las 17 apps (SintelDSVMixin._get_empresa())
gastos,inventario,apps\tenant\gastos\models.py,343,MovimientoInventarioSelector,CONTROLLED,"importa un Selector de otra app (MovimientoInventarioSelector) - mismo patron Bounded Context que import directo de modelo, pero ya encapsula .only()/empresa_id internamente"
gastos,api,apps\tenant\gastos\services\api_mixins.py,9,BaseServiceMixin,ALLOWED,"app de infraestructura (core/api), permitido por AGENTS.md"
gastos,core,apps\tenant\gastos\services\api_mixins.py,38,"OrganizationalScope, OrganizationalScopeError",ALLOWED,"app de infraestructura (core/api), permitido por AGENTS.md"
gastos,core,apps\tenant\gastos\services\api_mixins.py,56,"OrganizationalScope, OrganizationalScopeError",ALLOWED,"app de infraestructura (core/api), permitido por AGENTS.md"
gastos,empresa,apps\tenant\gastos\services\business_service.py,368,Empresa,CONTROLLED,Empresa es el singleton del tenant (no tiene su propio empresa_id) - resolverlo desde otra app es el patron establecido en las 17 apps (SintelDSVMixin._get_empresa())
gastos,proveedores,apps\tenant\gastos\services\business_service.py,381,Proveedor,CONTROLLED,"import directo de modelo + filtro empresa_id detectado en el mismo archivo (patron Bounded Context, AGENTS.md §18)"
gastos,proveedores,apps\tenant\gastos\services\business_service.py,132,Proveedor,CONTROLLED,"import directo de modelo + filtro empresa_id detectado en el mismo archivo (patron Bounded Context, AGENTS.md §18)"
gastos,contabilidad,apps\tenant\gastos\services\business_service.py,189,RetencionesService,PULL,"RetencionesService es el punto de lectura sancionado del Pull Model de retenciones (ADR-001, arquitectura_general.md §6.7)"
gastos,inventario,apps\tenant\gastos\services\business_service.py,170,MovimientoInventarioSelector,CONTROLLED,"importa un Selector de otra app (MovimientoInventarioSelector) - mismo patron Bounded Context que import directo de modelo, pero ya encapsula .only()/empresa_id internamente"
gastos,proveedores,apps\tenant\gastos\api\serializers.py,13,Proveedor,CONTROLLED,"import directo de modelo + filtro empresa_id detectado en el mismo archivo (patron Bounded Context, AGENTS.md §18)"
gastos,empresa,apps\tenant\gastos\api\serializers.py,14,Sede,CONTROLLED,"import directo de modelo + filtro empresa_id detectado en el mismo archivo (patron Bounded Context, AGENTS.md §18)"
gastos,core,apps\tenant\gastos\api\serializers.py,316,sede_esta_en_alcance,ALLOWED,"app de infraestructura (core/api), permitido por AGENTS.md"
gastos,api,apps\tenant\gastos\api\viewsets.py,23,"IsTenantAdminOrReadOnly, IsTenantMember",ALLOWED,"app de infraestructura (core/api), permitido por AGENTS.md"
gastos,api,apps\tenant\gastos\api\viewsets.py,42,SintelDSVMixin,ALLOWED,"app de infraestructura (core/api), permitido por AGENTS.md"
gastos,api,apps\tenant\gastos\api\viewsets.py,43,BaseTenantViewSet,ALLOWED,"app de infraestructura (core/api), permitido por AGENTS.md"
gastos,core,apps\tenant\gastos\api\viewsets.py,44,OrganizationalContextMixin,ALLOWED,"app de infraestructura (core/api), permitido por AGENTS.md"
gastos,core,apps\tenant\gastos\api\viewsets.py,259,"OrganizationalScope, OrganizationalScopeError",ALLOWED,"app de infraestructura (core/api), permitido por AGENTS.md"
gastos,contabilidad,apps\tenant\gastos\api\viewsets.py,216,RetencionesService,PULL,"RetencionesService es el punto de lectura sancionado del Pull Model de retenciones (ADR-001, arquitectura_general.md §6.7)"
gastos,api,apps\tenant\gastos\views.py,21,SintelDSVMixin,ALLOWED,"app de infraestructura (core/api), permitido por AGENTS.md"
gastos,core,apps\tenant\gastos\views.py,52,"OrganizationalScope, OrganizationalScopeError",ALLOWED,"app de infraestructura (core/api), permitido por AGENTS.md"
inventario,core,apps\tenant\inventario\models.py,8,SintelTenantBaseModel,ALLOWED,"app de infraestructura (core/api), permitido por AGENTS.md"
inventario,empresa,apps\tenant\inventario\models.py,11,Empresa,CONTROLLED,Empresa es el singleton del tenant (no tiene su propio empresa_id) - resolverlo desde otra app es el patron establecido en las 17 apps (SintelDSVMixin._get_empresa())
inventario,core,apps\tenant\inventario\services\api_mixins.py,320,"OrganizationalScope, OrganizationalScopeError",ALLOWED,"app de infraestructura (core/api), permitido por AGENTS.md"
inventario,core,apps\tenant\inventario\services\api_mixins.py,292,"OrganizationalScope, OrganizationalScopeError",ALLOWED,"app de infraestructura (core/api), permitido por AGENTS.md"
inventario,empresa,apps\tenant\inventario\services\business_service.py,360,Sede,CONTROLLED,"import directo de modelo + filtro empresa_id detectado en el mismo archivo (patron Bounded Context, AGENTS.md §18)"
inventario,empresa,apps\tenant\inventario\services\ingesta_service.py,9,Empresa,CONTROLLED,Empresa es el singleton del tenant (no tiene su propio empresa_id) - resolverlo desde otra app es el patron establecido en las 17 apps (SintelDSVMixin._get_empresa())
inventario,empresa,apps\tenant\inventario\services\selectors.py,19,Empresa,CONTROLLED,Empresa es el singleton del tenant (no tiene su propio empresa_id) - resolverlo desde otra app es el patron establecido en las 17 apps (SintelDSVMixin._get_empresa())
inventario,api,apps\tenant\inventario\api\serializers.py,15,NormalizationMixin,ALLOWED,"app de infraestructura (core/api), permitido por AGENTS.md"
inventario,empresa,apps\tenant\inventario\api\serializers.py,16,"Area, Empresa, Sede",CONTROLLED,Empresa es el singleton del tenant (no tiene su propio empresa_id) - resolverlo desde otra app es el patron establecido en las 17 apps (SintelDSVMixin._get_empresa())
inventario,api,apps\tenant\inventario\api\viewsets.py,15,"IsTenantAdmin, IsTenantAdminOrReadOnly, IsTenantMember",ALLOWED,"app de infraestructura (core/api), permitido por AGENTS.md"
inventario,api,apps\tenant\inventario\api\viewsets.py,16,BaseTenantViewSet,ALLOWED,"app de infraestructura (core/api), permitido por AGENTS.md"
inventario,core,apps\tenant\inventario\api\viewsets.py,17,OrganizationalContextMixin,ALLOWED,"app de infraestructura (core/api), permitido por AGENTS.md"
inventario,core,apps\tenant\inventario\api\viewsets.py,527,"OrganizationalScope, OrganizationalScopeError",ALLOWED,"app de infraestructura (core/api), permitido por AGENTS.md"
inventario,core,apps\tenant\inventario\api\viewsets.py,546,"OrganizationalScope, OrganizationalScopeError",ALLOWED,"app de infraestructura (core/api), permitido por AGENTS.md"
inventario,api,apps\tenant\inventario\views.py,15,SintelDSVMixin,ALLOWED,"app de infraestructura (core/api), permitido por AGENTS.md"
landing,empresa,apps\tenant\landing\services\api_mixins.py,28,Empresa,CONTROLLED,Empresa es el singleton del tenant (no tiene su propio empresa_id) - resolverlo desde otra app es el patron establecido en las 17 apps (SintelDSVMixin._get_empresa())
landing,empresa,apps\tenant\landing\services\selectors.py,4,Empresa,CONTROLLED,Empresa es el singleton del tenant (no tiene su propio empresa_id) - resolverlo desde otra app es el patron establecido en las 17 apps (SintelDSVMixin._get_empresa())
landing,core,apps\tenant\landing\api\serializers.py,31,get_primary_domain,ALLOWED,"app de infraestructura (core/api), permitido por AGENTS.md"
landing,core,apps\tenant\landing\api\serializers.py,53,get_tenant_branding,ALLOWED,"app de infraestructura (core/api), permitido por AGENTS.md"
landing,core,apps\tenant\landing\api\serializers.py,125,check_membership,ALLOWED,"app de infraestructura (core/api), permitido por AGENTS.md"
landing,core,apps\tenant\landing\api\serializers.py,276,verify_invitation,ALLOWED,"app de infraestructura (core/api), permitido por AGENTS.md"
landing,core,apps\tenant\landing\api\serializers.py,294,check_membership,ALLOWED,"app de infraestructura (core/api), permitido por AGENTS.md"
perfil,core,apps\tenant\perfil\models.py,6,SintelTenantBaseModel,ALLOWED,"app de infraestructura (core/api), permitido por AGENTS.md"
perfil,core,apps\tenant\perfil\services\business_service.py,10,"check_membership_by_schema, check_primary_admin",ALLOWED,"app de infraestructura (core/api), permitido por AGENTS.md"
perfil,empresa,apps\tenant\perfil\services\business_service.py,11,"Area, Empresa, Sede",CONTROLLED,Empresa es el singleton del tenant (no tiene su propio empresa_id) - resolverlo desde otra app es el patron establecido en las 17 apps (SintelDSVMixin._get_empresa())
perfil,empresa,apps\tenant\perfil\api\mixins.py,2,Empresa,CONTROLLED,Empresa es el singleton del tenant (no tiene su propio empresa_id) - resolverlo desde otra app es el patron establecido en las 17 apps (SintelDSVMixin._get_empresa())
perfil,api,apps\tenant\perfil\api\permissions.py,13,"HasTenantRole, IsTenantAdmin, IsTenantProfileAdmin, IsTenantProfileOperadorOrAdmin, _get_perfil, _resolve_empresa",ALLOWED,"app de infraestructura (core/api), permitido por AGENTS.md"
perfil,core,apps\tenant\perfil\api\permissions.py,21,check_primary_admin,ALLOWED,"app de infraestructura (core/api), permitido por AGENTS.md"
perfil,api,apps\tenant\perfil\api\viewsets.py,32,BaseTenantViewSet,ALLOWED,"app de infraestructura (core/api), permitido por AGENTS.md"
perfil,api,apps\tenant\perfil\api\viewsets.py,33,"IsTenantAdminOrReadOnly, IsTenantMember",ALLOWED,"app de infraestructura (core/api), permitido por AGENTS.md"
perfil,core,apps\tenant\perfil\api\viewsets.py,34,OrganizationalContextMixin,ALLOWED,"app de infraestructura (core/api), permitido por AGENTS.md"
perfil,empresa,apps\tenant\perfil\api\viewsets.py,35,"Area, Empresa, Sede",CONTROLLED,Empresa es el singleton del tenant (no tiene su propio empresa_id) - resolverlo desde otra app es el patron establecido en las 17 apps (SintelDSVMixin._get_empresa())
perfil,api,apps\tenant\perfil\views.py,14,SintelDSVMixin,ALLOWED,"app de infraestructura (core/api), permitido por AGENTS.md"
proveedores,core,apps\tenant\proveedores\models.py,12,SintelTenantBaseModel,ALLOWED,"app de infraestructura (core/api), permitido por AGENTS.md"
proveedores,empresa,apps\tenant\proveedores\models.py,13,Empresa,CONTROLLED,Empresa es el singleton del tenant (no tiene su propio empresa_id) - resolverlo desde otra app es el patron establecido en las 17 apps (SintelDSVMixin._get_empresa())
proveedores,api,apps\tenant\proveedores\services\api_mixins.py,8,BaseServiceMixin,ALLOWED,"app de infraestructura (core/api), permitido por AGENTS.md"
proveedores,empresa,apps\tenant\proveedores\services\business_service.py,12,Empresa,CONTROLLED,Empresa es el singleton del tenant (no tiene su propio empresa_id) - resolverlo desde otra app es el patron establecido en las 17 apps (SintelDSVMixin._get_empresa())
proveedores,empresa,apps\tenant\proveedores\services\business_service.py,249,Empresa,CONTROLLED,Empresa es el singleton del tenant (no tiene su propio empresa_id) - resolverlo desde otra app es el patron establecido en las 17 apps (SintelDSVMixin._get_empresa())
proveedores,facturas,apps\tenant\proveedores\services\selectors.py,227,Factura,CONTROLLED,"import directo de modelo + filtro empresa_id detectado en el mismo archivo (patron Bounded Context, AGENTS.md §18)"
proveedores,facturas,apps\tenant\proveedores\services\selectors.py,360,Factura,CONTROLLED,"import directo de modelo + filtro empresa_id detectado en el mismo archivo (patron Bounded Context, AGENTS.md §18)"
proveedores,api,apps\tenant\proveedores\api\serializers.py,14,NormalizationMixin,ALLOWED,"app de infraestructura (core/api), permitido por AGENTS.md"
proveedores,empresa,apps\tenant\proveedores\api\serializers.py,15,Empresa,CONTROLLED,Empresa es el singleton del tenant (no tiene su propio empresa_id) - resolverlo desde otra app es el patron establecido en las 17 apps (SintelDSVMixin._get_empresa())
proveedores,facturas,apps\tenant\proveedores\api\serializers.py,231,Factura,CONTROLLED,"import directo de modelo + filtro empresa_id detectado en el mismo archivo (patron Bounded Context, AGENTS.md §18)"
proveedores,api,apps\tenant\proveedores\api\viewsets.py,11,BaseTenantViewSet,ALLOWED,"app de infraestructura (core/api), permitido por AGENTS.md"
proveedores,api,apps\tenant\proveedores\api\viewsets.py,12,"IsTenantMember, IsTenantAdminOrReadOnly",ALLOWED,"app de infraestructura (core/api), permitido por AGENTS.md"
proveedores,api,apps\tenant\proveedores\api\viewsets.py,13,"render_template_safe, resolve_tenant_empresa",ALLOWED,"app de infraestructura (core/api), permitido por AGENTS.md"
proveedores,core,apps\tenant\proveedores\api\viewsets.py,14,OrganizationalContextMixin,ALLOWED,"app de infraestructura (core/api), permitido por AGENTS.md"
proveedores,empresa,apps\tenant\proveedores\api\viewsets.py,15,Empresa,CONTROLLED,Empresa es el singleton del tenant (no tiene su propio empresa_id) - resolverlo desde otra app es el patron establecido en las 17 apps (SintelDSVMixin._get_empresa())
proveedores,api,apps\tenant\proveedores\views.py,15,SintelDSVMixin,ALLOWED,"app de infraestructura (core/api), permitido por AGENTS.md"
proveedores,facturas,apps\tenant\proveedores\tables.py,17,Factura,UNKNOWN,import directo de modelo sin evidencia de filtro empresa_id cercano - requiere revision manual
proyectos,core,apps\tenant\proyectos\models.py,19,SintelTenantBaseModel,ALLOWED,"app de infraestructura (core/api), permitido por AGENTS.md"
proyectos,empresa,apps\tenant\proyectos\models.py,20,Empresa,CONTROLLED,Empresa es el singleton del tenant (no tiene su propio empresa_id) - resolverlo desde otra app es el patron establecido en las 17 apps (SintelDSVMixin._get_empresa())
proyectos,inventario,apps\tenant\proyectos\models.py,213,MovimientoInventarioSelector,CONTROLLED,"importa un Selector de otra app (MovimientoInventarioSelector) - mismo patron Bounded Context que import directo de modelo, pero ya encapsula .only()/empresa_id internamente"
proyectos,api,apps\tenant\proyectos\services\api_mixins.py,16,BaseServiceMixin,ALLOWED,"app de infraestructura (core/api), permitido por AGENTS.md"
proyectos,empresa,apps\tenant\proyectos\services\business_service.py,15,Empresa,CONTROLLED,Empresa es el singleton del tenant (no tiene su propio empresa_id) - resolverlo desde otra app es el patron establecido en las 17 apps (SintelDSVMixin._get_empresa())
proyectos,clientes,apps\tenant\proyectos\services\business_service.py,20,Cliente,CONTROLLED,"import directo de modelo + filtro empresa_id detectado en el mismo archivo (patron Bounded Context, AGENTS.md §18)"
proyectos,empleados,apps\tenant\proyectos\services\business_service.py,25,Empleado,CONTROLLED,"import directo de modelo + filtro empresa_id detectado en el mismo archivo (patron Bounded Context, AGENTS.md §18)"
proyectos,facturas,apps\tenant\proyectos\services\business_service.py,30,Factura,CONTROLLED,"import directo de modelo + filtro empresa_id detectado en el mismo archivo (patron Bounded Context, AGENTS.md §18)"
proyectos,proveedores,apps\tenant\proyectos\services\business_service.py,35,Proveedor,CONTROLLED,"import directo de modelo + filtro empresa_id detectado en el mismo archivo (patron Bounded Context, AGENTS.md §18)"
proyectos,inventario,apps\tenant\proyectos\services\business_service.py,40,Servicio,CONTROLLED,"import directo de modelo + filtro empresa_id detectado en el mismo archivo (patron Bounded Context, AGENTS.md §18)"
proyectos,perfil,apps\tenant\proyectos\services\business_service.py,45,TenantProfile,CONTROLLED,"import directo de modelo + filtro empresa_id detectado en el mismo archivo (patron Bounded Context, AGENTS.md §18)"
proyectos,empresa,apps\tenant\proyectos\services\presupuesto_service.py,14,Empresa,CONTROLLED,Empresa es el singleton del tenant (no tiene su propio empresa_id) - resolverlo desde otra app es el patron establecido en las 17 apps (SintelDSVMixin._get_empresa())
proyectos,empleados,apps\tenant\proyectos\services\selectors.py,14,Empleado,CONTROLLED,"import directo de modelo + filtro empresa_id detectado en el mismo archivo (patron Bounded Context, AGENTS.md §18)"
proyectos,empresa,apps\tenant\proyectos\services\tareas_service.py,19,Empresa,CONTROLLED,Empresa es el singleton del tenant (no tiene su propio empresa_id) - resolverlo desde otra app es el patron establecido en las 17 apps (SintelDSVMixin._get_empresa())
proyectos,api,apps\tenant\proyectos\api\serializers.py,14,NormalizationMixin,ALLOWED,"app de infraestructura (core/api), permitido por AGENTS.md"
proyectos,empresa,apps\tenant\proyectos\api\serializers.py,15,Sede,CONTROLLED,"import directo de modelo + filtro empresa_id detectado en el mismo archivo (patron Bounded Context, AGENTS.md §18)"
proyectos,perfil,apps\tenant\proyectos\api\serializers.py,25,TenantProfile,CONTROLLED,"import directo de modelo + filtro empresa_id detectado en el mismo archivo (patron Bounded Context, AGENTS.md §18)"
proyectos,facturas,apps\tenant\proyectos\api\serializers.py,28,FacturaInterAppAPI,PULL,API inter-app documentada explicitamente como [ABIERTO]/Pull: FacturaInterAppAPI (ver FACTURAS_AUDIT.md §2)
proyectos,clientes,apps\tenant\proyectos\api\serializers.py,649,Cliente,CONTROLLED,"import directo de modelo + filtro empresa_id detectado en el mismo archivo (patron Bounded Context, AGENTS.md §18)"
proyectos,empleados,apps\tenant\proyectos\api\serializers.py,650,Empleado,CONTROLLED,"import directo de modelo + filtro empresa_id detectado en el mismo archivo (patron Bounded Context, AGENTS.md §18)"
proyectos,core,apps\tenant\proyectos\api\serializers.py,412,sede_esta_en_alcance,ALLOWED,"app de infraestructura (core/api), permitido por AGENTS.md"
proyectos,api,apps\tenant\proyectos\api\viewsets.py,20,"IsTenantAdminOrReadOnly, IsTenantMember",ALLOWED,"app de infraestructura (core/api), permitido por AGENTS.md"
proyectos,api,apps\tenant\proyectos\api\viewsets.py,21,BaseTenantViewSet,ALLOWED,"app de infraestructura (core/api), permitido por AGENTS.md"
proyectos,core,apps\tenant\proyectos\api\viewsets.py,22,OrganizationalContextMixin,ALLOWED,"app de infraestructura (core/api), permitido por AGENTS.md"
proyectos,empresa,apps\tenant\proyectos\api\viewsets.py,23,Empresa,CONTROLLED,Empresa es el singleton del tenant (no tiene su propio empresa_id) - resolverlo desde otra app es el patron establecido en las 17 apps (SintelDSVMixin._get_empresa())
proyectos,inventario,apps\tenant\proyectos\api\viewsets.py,35,HistorialServicio,CONTROLLED,"import directo de modelo + filtro empresa_id detectado en el mismo archivo (patron Bounded Context, AGENTS.md §18)"
proyectos,clientes,apps\tenant\proyectos\api\viewsets.py,40,Cliente,CONTROLLED,"import directo de modelo + filtro empresa_id detectado en el mismo archivo (patron Bounded Context, AGENTS.md §18)"
proyectos,empleados,apps\tenant\proyectos\api\viewsets.py,45,EmpleadoSelector,CONTROLLED,"importa un Selector de otra app (EmpleadoSelector) - mismo patron Bounded Context que import directo de modelo, pero ya encapsula .only()/empresa_id internamente"
proyectos,proveedores,apps\tenant\proyectos\api\viewsets.py,50,Proveedor,CONTROLLED,"import directo de modelo + filtro empresa_id detectado en el mismo archivo (patron Bounded Context, AGENTS.md §18)"
proyectos,facturas,apps\tenant\proyectos\api\viewsets.py,55,FacturaInterAppAPI,PULL,API inter-app documentada explicitamente como [ABIERTO]/Pull: FacturaInterAppAPI (ver FACTURAS_AUDIT.md §2)
proyectos,cotizaciones,apps\tenant\proyectos\api\viewsets.py,60,Cotizacion,CONTROLLED,"import directo de modelo + filtro empresa_id detectado en el mismo archivo (patron Bounded Context, AGENTS.md §18)"
proyectos,core,apps\tenant\proyectos\api\viewsets.py,109,"OrganizationalScope, OrganizationalScopeError",ALLOWED,"app de infraestructura (core/api), permitido por AGENTS.md"
proyectos,core,apps\tenant\proyectos\api\viewsets.py,129,"OrganizationalScope, OrganizationalScopeError",ALLOWED,"app de infraestructura (core/api), permitido por AGENTS.md"
proyectos,core,apps\tenant\proyectos\api\viewsets.py,404,"OrganizationalScope, OrganizationalScopeError",ALLOWED,"app de infraestructura (core/api), permitido por AGENTS.md"
proyectos,core,apps\tenant\proyectos\api\viewsets.py,474,"OrganizationalScope, OrganizationalScopeError",ALLOWED,"app de infraestructura (core/api), permitido por AGENTS.md"
proyectos,core,apps\tenant\proyectos\api\viewsets.py,557,"OrganizationalScope, OrganizationalScopeError",ALLOWED,"app de infraestructura (core/api), permitido por AGENTS.md"
proyectos,core,apps\tenant\proyectos\api\viewsets.py,595,"OrganizationalScope, OrganizationalScopeError",ALLOWED,"app de infraestructura (core/api), permitido por AGENTS.md"
proyectos,api,apps\tenant\proyectos\views.py,14,SintelDSVMixin,ALLOWED,"app de infraestructura (core/api), permitido por AGENTS.md"
proyectos,core,apps\tenant\proyectos\views.py,54,"OrganizationalScope, OrganizationalScopeError",ALLOWED,"app de infraestructura (core/api), permitido por AGENTS.md"
ventas,core,apps\tenant\ventas\models.py,9,SintelTenantBaseModel,ALLOWED,"app de infraestructura (core/api), permitido por AGENTS.md"
ventas,api,apps\tenant\ventas\services\api_mixins.py,1,BaseServiceMixin,ALLOWED,"app de infraestructura (core/api), permitido por AGENTS.md"
ventas,core,apps\tenant\ventas\services\api_mixins.py,41,"OrganizationalContext, OrganizationalContextError",ALLOWED,"app de infraestructura (core/api), permitido por AGENTS.md"
ventas,clientes,apps\tenant\ventas\services\business_service.py,49,Cliente,CONTROLLED,"import directo de modelo + filtro empresa_id detectado en el mismo archivo (patron Bounded Context, AGENTS.md §18)"
ventas,inventario,apps\tenant\ventas\services\business_service.py,64,"Producto, Servicio",CONTROLLED,"import directo de modelo + filtro empresa_id detectado en el mismo archivo (patron Bounded Context, AGENTS.md §18)"
ventas,inventario,apps\tenant\ventas\services\business_service.py,692,MovimientoInventario,CONTROLLED,"import directo de modelo + filtro empresa_id detectado en el mismo archivo (patron Bounded Context, AGENTS.md §18)"
ventas,inventario,apps\tenant\ventas\services\business_service.py,693,KardexService,PUSH_CONTROLLED,"llama a KardexService de otra app con empresa_id explicito (Service Layer real, no bypass ORM)"
ventas,facturas,apps\tenant\ventas\services\business_service.py,611,CufeService,UNKNOWN,import de apps.tenant.facturas.services.dian.cufe sin patron reconocido - requiere revision manual
ventas,facturas,apps\tenant\ventas\services\business_service.py,618,UBL21BuilderService,UNKNOWN,import de apps.tenant.facturas.services.dian.ubl21_builder sin patron reconocido - requiere revision manual
ventas,core,apps\tenant\ventas\services\business_service.py,624,XadesSignerService,ALLOWED,"app de infraestructura (core/api), permitido por AGENTS.md"
ventas,core,apps\tenant\ventas\services\business_service.py,628,AttachedDocumentService,ALLOWED,"app de infraestructura (core/api), permitido por AGENTS.md"
ventas,facturas,apps\tenant\ventas\services\business_service.py,639,FacturaBusinessService,PUSH_CONTROLLED,"llama a FacturaBusinessService de otra app con empresa_id explicito (Service Layer real, no bypass ORM)"
ventas,proyectos,apps\tenant\ventas\services\business_service.py,461,Proyecto,CONTROLLED,"import directo de modelo + filtro empresa_id detectado en el mismo archivo (patron Bounded Context, AGENTS.md §18)"
ventas,proyectos,apps\tenant\ventas\services\business_service.py,561,Proyecto,CONTROLLED,"import directo de modelo + filtro empresa_id detectado en el mismo archivo (patron Bounded Context, AGENTS.md §18)"
ventas,api,apps\tenant\ventas\api\viewsets.py,11,BaseTenantViewSet,ALLOWED,"app de infraestructura (core/api), permitido por AGENTS.md"
ventas,api,apps\tenant\ventas\api\viewsets.py,12,"IsTenantAdminOrReadOnly, IsTenantMember",ALLOWED,"app de infraestructura (core/api), permitido por AGENTS.md"
ventas,core,apps\tenant\ventas\api\viewsets.py,13,OrganizationalContextMixin,ALLOWED,"app de infraestructura (core/api), permitido por AGENTS.md"
ventas,clientes,apps\tenant\ventas\api\viewsets.py,168,Cliente,CONTROLLED,"import directo de modelo + filtro empresa_id detectado en el mismo archivo (patron Bounded Context, AGENTS.md §18)"
ventas,api,apps\tenant\ventas\views.py,15,SintelDSVMixin,ALLOWED,"app de infraestructura (core/api), permitido por AGENTS.md"
